salutation,fname,lname,gender,dateofbirth,email,company,city,country,postalZip,balance
Prof.,Ursula,Parks,NotSpecified,1987-11-18,parks-ursula1441@google.edu,Quam Vel Industries,Toledo,Turkey,93854,187.23
Dr.,Melinda,Aguirre,Female,1982-08-01,aguirre_melinda@aol.org,Ligula Elit Pretium LLP,Glauchau,United States,16943,150.23
Dr.,Duncan,Battle,Other,1970-07-18,b-duncan1963@aol.ca,Neque Associates,Reno,Ukraine,613384,68.41
Dr.,Erich,Sawyer,Female,1995-06-15,s-erich1049@outlook.edu,Nonummy Ut Molestie Ltd,Calais,Ireland,623141,25.70
Mrs.,Aquila,Erickson,Other,1994-11-29,a.erickson@icloud.ca,Nec Ligula Consectetuer LLP,Bremerhaven,Pakistan,23772,14.70
Ms.,Melyssa,Burns,NotSpecified,1966-12-08,melyssa.burns@hotmail.ca,Elit Elit Consulting,Serralunga d'Alba,Poland,18253,71.31
Dr.,Sydnee,Blackburn,Male,1968-12-31,blackburn.sydnee3468@aol.com,Metus Eu Corporation,Dortmund,Italy,14226,153.82
Ms.,Howard,Frazier,Male,1996-07-17,h.frazier8176@hotmail.org,Laoreet Libero LLP,Guadalajara,Vietnam,63732,47.81
Mr.,Cherokee,Shelton,Female,1967-11-06,shelton_cherokee@aol.org,Semper Consulting,Ajaccio,Mexico,35691,81.11
Dr.,Arthur,Schroeder,Female,1965-09-27,schroeder-arthur@yahoo.org,Aliquam Limited,Dublin,Ireland,38913,72.05
Mr.,Brent,Delacruz,NotSpecified,1969-09-05,b-delacruz@google.net,Molestie LLP,Freital,Spain,16580-608,89.84
Ms.,Garth,Lee,Male,1978-09-22,garthlee8332@hotmail.edu,Tempus Mauris Industries,Amiens,Colombia,8716,115.27
Ms.,Quinn,Tucker,Male,1996-10-25,tuckerquinn@outlook.org,Sapien Nunc Institute,Sfruz,Indonesia,920632,166.03
Ms.,Maia,Bradshaw,Other,1983-12-21,bradshaw.maia4936@hotmail.ca,Dapibus Rutrum Justo Company,West Jordan,Peru,74624,99.19
Mrs.,Dexter,Ray,Other,1974-06-21,raydexter@outlook.couk,Nec PC,Herne,Peru,855775,25.05
Prof.,Urielle,Mclean,Other,1967-06-03,urielle-mclean@hotmail.net,Turpis In Condimentum Ltd,Des Moines,Canada,N3K 4H1,147.38
Dr.,Yetta,Edwards,Male,1968-03-26,edwards_yetta1174@hotmail.net,Suspendisse Aliquet Sem Corp.,Reims,China,787151,126.88
Mrs.,Thor,Wells,NotSpecified,1986-12-18,twells@aol.edu,A Arcu Ltd,Philadelphia,Peru,679386,195.61
Ms.,Brian,Humphrey,Female,1996-11-05,brian_humphrey2729@protonmail.couk,Eu Lacus Incorporated,Rapagnano,Germany,843526,43.28
Mrs.,Prescott,Trevino,Other,1964-04-07,p-trevino3547@icloud.org,Sed Libero Proin Industries,Leicester,Nigeria,284972,1.31
